{
  "start": [
    129215.22439871059,
    55076.86585668237
  ],
  "start_heading": 2.0007779041336837,
  "goal": [
    377479.54376394744,
    431099.67765931063
  ],
  "goal_heading": -1.5035900010125332,
  "obstacles": [
    {
      "type": "polygon",
      "polygon": [
        [
          147625.8368460203,
          303341.18522191915
        ],
        [
          147625.8368460203,
          303341.18522191915
        ],
        [
          121962.55888916441,
          254246.21869575995
        ],
        [
          154878.5023555666,
          236951.40094222658
        ],
        [
          195047.111331515,
          243088.27175799647
        ],
        [
          203415.5715348376,
          273772.62583684595
        ],
        [
          187236.54847508058,
          300551.69848747825
        ]
      ]
    },
    {
      "type": "circle",
      "center": [
        274826.4319365237,
        307246.46665013634
      ],
      "radius": 54645.468431377536
    },
    {
      "type": "polygon",
      "polygon": [
        [
          329500.3719315646,
          151593.1068683362
        ],
        [
          251394.74336722045,
          167772.1299280932
        ],
        [
          205647.1609223903,
          151593.1068683362
        ],
        [
          206205.05826927844,
          110866.60054549962
        ],
        [
          288773.865608728,
          62887.42871311678
        ],
        [
          318900.3223406893,
          100266.55095462434
        ]
      ]
    },
    {
      "type": "circle",
      "center": [
        346795.18968509795,
        242530.37441110832
      ],
      "radius": 30780.567323878873
    }
  ]
}